,mae,rmse,r2
LinearRegression,3.7855240077970467,4.626169885957518,0.8315316877291593
RandomForest,3.888900190202544,4.789471090907488,0.8194280936518629
SVR,3.696240042413176,4.553201450187533,0.8368042661251915
Polynomial(2),3.8001558802679134,4.628378657477281,0.8313707784452135
XGBoost,3.8405291527512646,4.748958092407483,0.8224700033552766
